Price,Close,High,Low,Open,Volume,MA5,MA10,Buy
Ticker,AAPL,AAPL,AAPL,AAPL,AAPL,,,
Date,,,,,,,,
2024-06-28,209.6395721435547,215.0642148828325,209.3210696212814,214.76560832661605,82542700,,,False
2024-07-01,215.7410430908203,216.4974998735104,210.933524598722,211.10273143743845,60402900,,,False
2024-07-02,219.24465942382812,219.35414798734178,214.09872731420612,215.1438274713018,58046200,,,False
2024-07-03,220.51870727539062,220.51870727539062,218.01043340115498,218.97591935149836,37369800,,,False
2024-07-05,225.28639221191406,225.3958807735831,220.618221554563,220.618221554563,60412400,218.08607482910156,,False
2024-07-08,226.759521484375,226.78938062149984,222.21078721739227,226.03290864697604,59085900,221.51006469726562,,False
2024-07-09,227.61549377441406,228.33214340978847,225.3162491891544,226.86898500321237,48076100,223.88495483398438,,False
2024-07-10,231.89549255371094,231.9950331368443,228.1828596567971,228.23262994836378,62627700,226.41512145996094,,False
2024-07-11,226.51068115234375,231.30823641336684,224.71905701819728,230.3128913597033,64710600,227.61351623535157,,False
2024-07-12,229.46685791015625,231.55708874298097,227.6155153743793,227.8544036714271,53046500,228.449609375,223.2678421020508,False
2024-07-15,233.3088836669922,236.12571210202407,232.00498402552307,235.37920328245679,62631300,229.75948181152344,225.63477325439453,False
2024-07-16,233.72694396972656,235.17019132901206,231.2485291999769,233.90609879782943,43234300,230.98177185058594,227.43336334228516,False
2024-07-17,227.81459045410156,230.38258262455565,225.58501197125685,228.38192926123955,57345900,230.16559143066405,228.2903564453125,False
2024-07-18,223.13644409179688,229.3673137711516,221.2353466054131,229.20805491946456,66034600,229.4907440185547,228.55213012695313,False
2024-07-19,223.26585388183594,225.74426861436035,222.24064965794977,223.77348959602472,49151500,228.25054321289062,228.3500762939453,False
2024-07-22,222.91749572753906,226.7197061195605,222.0515351611177,225.95328613844396,48201800,226.172265625,227.96587371826172,False
2024-07-23,223.96258544921875,225.88360930378687,221.64342964759248,223.32556522126958,39960300,224.21939392089843,227.6005828857422,False
2024-07-24,217.52268981933594,223.75355924528677,216.11926491073012,222.9572802069956,61777600,222.1610137939453,226.16330261230468,False
2024-07-25,216.47760009765625,219.8219600686179,213.62094948036474,217.91088420998827,51391200,220.8292449951172,225.15999450683594,False
2024-07-26,216.94541931152344,218.46829606182757,215.0044842643322,217.6819649471348,41601300,219.56515808105468,223.90785064697266,False
2024-07-29,217.22412109375,218.27918447457574,214.74570631572197,215.95008057489312,36311800,218.42648315429688,222.29937438964845,False
2024-07-30,217.78150939941406,219.30438617677734,215.11397665237357,218.16969337819762,41643800,217.19026794433594,220.7048309326172,False
2024-07-31,221.04623413085938,222.77814001369308,219.60298682237814,220.40921389598267,50036300,217.8949768066406,220.02799530029296,False
2024-08-01,217.3435516357422,223.43505864730554,216.0097928775357,223.3255700813178,62501000,218.06816711425782,219.4487060546875,False
2024-08-02,218.83656311035156,224.54984915998065,216.69657732981517,218.1298614428512,105568600,218.44639587402344,219.00577697753906,False
2024-08-05,208.29586791992188,212.506173331003,195.0876345333798,198.16324716744046,119548600,216.6607452392578,217.54361419677736,False
2024-08-06,206.26536560058594,209.0125278604179,200.13405118519225,204.3443568031922,69660500,214.35751647949218,215.77389221191407,False
2024-08-07,208.8433074951172,212.64551772150753,205.42926604632788,205.93688655864335,63516400,211.91693115234375,214.90595397949218,False
2024-08-08,212.31704711914062,213.20290359333654,207.85790561211314,212.1179811495676,47161100,210.91163024902343,214.48989868164062,False
2024-08-09,215.23342895507812,215.77090862412464,210.98330114399806,211.11270086651854,42201600,210.19100341796874,214.3186996459961,False
2024-08-12,216.7680206298828,218.7410807003227,214.84478845727688,215.31314332730477,38028100,211.88543395996095,214.27308959960936,False
2024-08-13,220.4949493408203,221.11277276612057,218.2428558389481,218.2428558389481,44155300,214.73135070800782,214.54443359375,True
2024-08-14,220.94334411621094,222.24875291914373,218.9304156630747,219.7973785028084,41960600,217.15135803222657,214.53414459228514,False
2024-08-15,223.93284606933594,224.56064415441705,221.97970491871703,223.81327127421198,46414000,219.47451782226562,215.19307403564454,False
2024-08-16,225.25819396972656,226.03546056539557,222.86659157853387,223.1356500786779,44340200,221.4794708251953,215.83523712158203,False
2024-08-19,225.0987548828125,225.19841068626937,222.25873174304007,224.92935218120843,40687800,223.14561767578124,217.5155258178711,False
2024-08-20,225.71656799316406,226.3742597731608,224.66028342820331,224.9791698204466,30299000,224.18994140625,219.4606460571289,False
2024-08-21,225.60696411132812,227.18143154067607,224.26170199000447,225.7265541171402,34765500,225.12266540527344,221.13701171875,False
2024-08-22,223.74349975585938,227.54015139464096,223.11570169720306,226.9920749311584,43695300,225.0847961425781,222.27965698242187,False
2024-08-23,226.04542541503906,227.42059644239848,223.5442228703079,224.86956599566977,38677300,225.24224243164062,223.36085662841796,False
2024-08-26,226.38421630859375,226.48387210620078,223.10574735994538,225.96568932825608,30602200,225.49933471679688,224.32247619628907,False
2024-08-27,227.2312469482422,228.04838192077386,224.1022464634546,225.20835892301574,35934600,225.8022705078125,224.99610595703126,False
2024-08-28,225.6966552734375,229.05484595642545,224.88947977262964,227.12163896438045,38052200,225.82020874023436,225.4714370727539,False
2024-08-29,228.98509216308594,232.10413336375854,228.07829123837303,229.29401907737392,51906300,226.8685272216797,225.9766616821289,False
2024-08-30,228.19784545898438,229.5929353752877,226.68316554604098,229.38367949051207,52990800,227.29901123046875,226.2706268310547,False
2024-09-03,221.98968505859375,228.1978583447122,220.39528345963856,227.74943764667495,50190600,226.42010498046875,225.9597198486328,False
2024-09-04,220.076416015625,221.00315112701452,216.71821006143196,220.88357632692316,43840200,224.9891387939453,225.3957046508789,False
2024-09-05,221.60105895996094,224.69019125096705,220.7440707336114,220.85368603716802,36615400,224.17001953125,224.9951141357422,False
2024-09-06,220.0465087890625,224.4510243839852,219.00018373655976,223.16553454066073,48423000,222.3823028564453,224.6254150390625,False
2024-09-09,220.13621520996094,220.49495483479603,215.950929723779,220.04653410508755,67180000,220.7699768066406,224.03449401855468,False
2024-09-10,219.3389892578125,220.70418549359823,215.97082401031443,218.15315521125123,51591000,220.23983764648438,223.32997131347656,False
2024-09-11,221.88006591796875,222.3085524071335,217.126770108234,220.6842723421212,44587100,220.60056762695314,222.79485321044922,False
2024-09-12,221.98968505859375,222.76695165661573,219.0500213655269,221.7206265576352,37498200,220.67829284667968,222.42415618896484,False
2024-09-13,221.72061157226562,223.2552104631355,221.1326819144566,222.79683029802118,36766600,221.01311340332032,221.6977081298828,False
2024-09-16,215.56227111816406,216.45911247240775,213.17066883128115,215.78148650258865,59357400,220.09832458496095,220.43415069580078,False
2024-09-17,216.03062438964844,216.14023969143096,213.74865245933694,214.99427397716522,45519300,219.43665161132813,219.83824462890624,False
2024-09-18,219.9169464111328,221.92987480128497,216.77797143749862,216.78794613986932,59894900,219.04402770996094,219.82229766845703,False
2024-09-19,228.0683135986328,229.01499812075548,223.84317512238368,224.20191472936153,66781300,220.25975341796874,220.46902313232422,False
2024-09-20,227.40066528320312,232.27353613908102,226.82269506404828,229.16446964119802,318679900,221.39576416015626,221.20443878173828,True
2024-09-23,225.6767120361328,228.64626930220686,225.01902026418153,226.54365969576136,54146000,223.41865234375,221.75848846435548,False
2024-09-24,226.5735626220703,228.5466380182851,224.93930782860403,227.8490778167103,43556100,225.52723999023436,222.48194580078126,False
2024-09-25,225.57705688476562,226.49383244586693,223.2352976856936,224.1420985437932,42308700,226.65926208496094,222.85164489746094,False
2024-09-26,226.72305297851562,227.6996160019036,224.62044322472642,226.50382237250227,36636700,226.3902099609375,223.32498168945312,False
2024-09-27,226.99208068847656,228.71603171782343,226.50380681299467,227.6597471643239,34026000,226.3084930419922,223.8521286010742,False
2024-09-30,232.183837890625,232.183837890625,228.84556632808733,229.234199611622,54541900,227.60991821289062,225.5142852783203,False
2024-10-01,225.41763305664062,228.84557057238277,222.9562838134916,228.71603627902877,63285000,227.37873229980468,226.45298614501954,False
2024-10-02,225.98562622070312,226.57355589970402,222.2388023482828,225.09874435066007,32880600,227.4604461669922,227.05985412597656,False
2024-10-03,224.8795166015625,226.01552277761738,222.53775735368686,224.35137431302277,34044200,227.09173889160155,226.74097442626953,False
2024-10-04,226.0055694580078,227.20136306464835,223.3449237414969,227.1017072618697,37245100,226.89443664550782,226.60146484375,False
2024-10-07,220.91348266601562,224.89947175407843,220.5547430398763,223.71363756752507,39505400,224.64036560058594,226.1251419067383,False
2024-10-08,224.9791717529297,225.1884276449642,222.46799461113406,223.51431968732726,31855700,224.55267333984375,225.96570281982423,False
2024-10-09,228.73597717285156,228.9452482903661,224.04248353573135,224.4410763624789,33591100,225.10274353027344,226.2815948486328,False
2024-10-10,228.23770141601562,228.6960967971132,226.3742566041183,226.98212047614993,28183500,225.77438049316407,226.4330596923828,False
2024-10-11,226.75294494628906,228.60643037956845,226.54367384020586,228.4968150773993,31759200,225.92385559082032,226.40914611816407,False
2024-10-14,230.48980712890625,230.91829362955485,227.79926770980506,227.89890830734765,39882100,227.83912048339843,226.2397430419922,True
2024-10-15,233.03086853027344,236.65811760908664,231.5560417756155,232.79170373632726,64751400,229.4494598388672,227.00106658935547,False
2024-10-16,230.96812438964844,231.30692979509985,229.0349173503749,230.7887621886474,34082200,229.89588928222656,227.49931640625,False
2024-10-17,231.33682250976562,233.0308799404877,229.71254238803704,232.6123377292532,32993800,230.51571350097657,228.14504699707032,False
2024-10-18,234.17684936523438,235.35270879965356,233.1903116322836,235.35270879965356,46431500,232.00049438476563,228.96217498779296,False
2024-10-21,235.6516571044922,236.02037141360947,233.62876897482323,233.62876897482323,36254500,233.03286437988282,230.4359924316406,False
2024-10-22,235.03382873535156,235.3925683333293,231.7852533575211,233.07072804715946,38846600,233.43345642089844,231.44145812988282,False
2024-10-23,229.95169067382812,234.31635331873264,226.96219904424217,233.26006870913344,52287000,233.23016967773438,231.56302947998046,False
2024-10-24,229.76235961914062,230.0114839114603,227.60992208421712,229.17441473320775,31109500,232.91527709960937,231.71549530029296,False
2024-10-25,230.5994110107422,232.40306843409212,228.76585988907573,228.935262581316,38802300,232.19978942871094,232.1001419067383,False
2024-10-28,232.5824432373047,233.9077863541258,231.73542973016842,232.50273684103132,36087100,231.58594665527343,232.3094055175781,False
2024-10-29,232.85150146484375,233.50919327337175,231.50623935322642,232.28350596136286,35417200,231.14948120117188,232.29146881103514,False
2024-10-30,229.29400634765625,232.65219696606212,228.74592985962587,231.79520878623467,47070900,231.0179443359375,232.12405700683593,False
2024-10-31,225.11868286132812,229.02495000446748,224.5805658660821,228.53666090957242,64370100,230.089208984375,231.5022430419922,False
2024-11-01,222.1291961669922,224.56065178607977,219.49844414747824,220.1959891516409,65276700,228.395166015625,230.29747772216797,False
2024-11-04,221.23233032226562,222.0095968952219,218.94039900502227,220.21591416091667,44944500,226.1251434326172,228.8555450439453,False
2024-11-05,222.66729736328125,223.1655459656629,220.36539125313263,221.02308305755813,28111300,224.0883026123047,227.61889190673827,False
2024-11-06,221.93984985351562,225.27812143912794,220.41521040716108,221.83023455712816,54561100,222.61747131347656,226.81770782470704,False
2024-11-07,226.6831817626953,227.081789771112,223.7833864288354,223.8431738287627,42137700,222.93037109375,226.5097900390625,False
2024-11-08,226.41383361816406,228.10973956989392,225.8651541338214,226.6233197345054,38328800,223.78729858398438,226.0912322998047,False
2024-11-11,223.69039916992188,225.15686291743452,220.96697301971395,224.4585504714927,42005600,224.27891235351564,225.2020278930664,False
2024-11-12,223.69039916992188,225.04712701721013,222.82249764582772,224.00963641496367,40398300,224.48353271484376,224.28591766357422,True
2024-11-13,224.57826232910156,226.10457929193407,222.2239408664857,223.47093284409854,48566200,225.01121520996094,223.81434326171876,False
2024-11-14,227.67080688476562,228.3192366196321,224.45855435577516,224.47851048945301,44923900,225.208740234375,224.0695556640625,False
2024-11-15,224.4585418701172,226.3739196007606,223.73030286311794,225.8551667084814,47923700,224.81768188476562,224.302490234375,False
2024-11-18,227.47128295898438,229.18714506333228,224.62813528483125,224.70794459457642,44686000,225.57385864257813,224.92638549804687,False
2024-11-19,227.73065185546875,229.60613257977118,226.11455519341968,226.43377721041003,36211800,226.3819091796875,225.43272094726564,False
2024-11-20,228.44891357421875,229.37666823104936,225.34639715216647,227.51117324017346,35169600,227.15603942871093,226.08362731933593,False
2024-11-21,227.97007751464844,229.60613029336434,225.16684213362325,228.3292117939797,42108300,227.2158935546875,226.21231689453126,False
2024-11-22,229.3168182373047,230.16477882059493,227.51117639639193,227.51117639639193,38168300,228.187548828125,226.50261535644532,False
2024-11-25,232.30960083007812,232.68869124314412,229.1871434272115,230.9030055193102,90152800,229.15521240234375,227.36453552246093,False
2024-11-26,234.49432373046875,235.00310615337486,232.76849125195545,232.76849125195545,45986200,230.50794677734376,228.44492797851564,False
2024-11-27,234.36465454101562,235.12283541072824,233.24735459247512,233.90577001446655,33498400,231.69109497070312,229.42356719970704,False
2024-11-29,236.75888061523438,237.2377212602243,233.40696565616557,234.24494059041535,28481400,233.4488555908203,230.3323745727539,False
2024-12-02,239.013427734375,240.21053691361496,236.58928278806928,236.69901868412032,48137100,235.38817749023437,231.7878631591797,False
2024-12-03,242.06607055664062,242.1758064568113,238.32509471728144,239.232908507596,38861000,237.33947143554687,233.24734191894532,False
2024-12-04,242.42520141601562,243.5225604021956,240.66944226019712,242.28553892887177,44383900,238.92564697265624,234.716796875,False
2024-12-05,242.4551239013672,243.95151419061432,241.54732536132988,243.40284992887905,40033900,240.54374084472656,236.11741790771484,False
2024-12-06,242.25559997558594,244.04130085085734,241.49743440151175,242.32543882662802,36870600,241.64308471679686,237.54597015380858,False
2024-12-09,246.1562042236328,246.64503053466012,241.16823655952678,241.24804586880077,44649200,243.07164001464844,239.22990875244142,False
2024-12-10,247.1737518310547,247.612695417372,244.7495916510093,246.2958646584201,36914800,244.09317626953126,240.71632385253906,False
2024-12-11,245.89682006835938,250.196445491468,245.6673626102133,247.36328368802742,45205800,244.7875,241.85657348632813,False
2024-12-12,247.36329650878906,248.1414182384854,245.08876927344312,246.2958641332418,32777500,245.76913452148438,243.15643768310548,False
2024-12-13,247.5328826904297,248.69007959411312,245.647431564018,247.223631137632,33155300,246.82459106445313,244.233837890625,False
2024-12-16,250.4358673095703,250.7750606707362,247.05402592958802,247.3932192907539,51694800,247.68052368164064,245.37608184814454,False
2024-12-17,252.8699951171875,253.21915892963332,249.1789022262073,249.47818331943677,51356400,248.81977233886718,246.45647430419922,False
2024-12-18,247.4530792236328,253.66808268004456,247.14382766353577,251.55318925842403,56774100,249.1310241699219,246.95926208496093,False
2024-12-19,249.1888885498047,251.3935770141874,246.49538898335234,246.90440599607692,60882300,249.496142578125,247.63263854980468,False
2024-12-20,253.87759399414062,254.3863612366688,245.09876750312787,247.44310326755718,147495300,250.76508483886718,248.79483795166016,False
2024-12-23,254.6557159423828,255.03479114956258,252.8400883307868,254.15691915529422,40858800,251.6090545654297,249.64478912353516,False
2024-12-24,257.57867431640625,257.58862955018265,254.67565812568793,254.87518901917565,23234700,252.55079040527343,250.6852813720703,False
2024-12-26,258.39666748046875,259.47408555117545,257.0100282923795,257.56867823862046,27237100,254.73950805664063,251.93526611328124,False
2024-12-27,254.9749298095703,258.0774615569102,252.4510193654514,257.20952960207876,42355300,255.89671630859374,252.69642944335936,False
2024-12-30,251.5930938720703,252.8899685500744,250.14658624824915,251.62302046123375,35557500,255.4398162841797,253.10245056152343,False
2024-12-31,249.8173828125,252.670501064015,248.82975968702823,251.8325261089863,39480700,254.47214965820314,253.0406021118164,False
2025-01-02,243.26319885253906,248.5005651105234,241.23808511721737,248.3309608077005,55740700,251.6090545654297,252.07992248535157,False
2025-01-03,242.7743682861328,243.5923870862029,241.3079045417172,242.7743682861328,40244100,248.4845947265625,251.61205139160157,False
2025-01-06,244.41041564941406,246.73481040856498,242.61474424512696,243.72207367593157,45045600,246.37169189453124,251.1342041015625,False
2025-01-07,241.62713623046875,244.9590949760797,240.76920518354387,242.3952722906863,40856000,244.37850036621094,249.9091583251953,False
2025-01-08,242.11593627929688,243.12351544341067,239.47231962725974,241.33781457710975,37628900,242.8382110595703,248.65518035888672,False
2025-01-10,236.280029296875,239.58206138453855,232.4392881886217,239.4324132245663,61710900,241.4415771484375,246.5253158569336,False
2025-01-13,233.83592224121094,234.10527676213235,229.16719172961072,232.96802072299363,49630700,239.6538879394531,244.06924133300782,False
2025-01-14,232.71861267089844,235.55177458449063,231.9105643637605,234.1850763475817,39435300,237.31552734375,241.84360961914064,False
2025-01-15,237.2975616455078,238.38495013235746,233.86583756026477,234.07533889356793,39832000,236.44961242675782,240.41405639648437,False
2025-01-16,227.710693359375,237.4372302632713,227.4812511099753,236.77883010316478,71759100,233.56856384277344,238.20338745117186,False
2025-01-17,229.4265594482422,231.73099810398455,227.93016912923343,231.5614090278119,68488300,232.19786987304687,236.8197235107422,False
2025-01-21,222.10421752929688,223.87993275191027,218.85206818023312,223.46094530610958,98070400,229.85152893066407,234.7527084350586,False
2025-01-22,223.29135131835938,223.58064673096774,219.26106511921876,219.26106511921876,64126500,227.96607666015626,232.64080200195312,False
2025-01-23,223.1217803955078,226.4836658384098,221.76505253825962,224.19918327232872,60234800,225.13092041015625,230.79026641845704,False
2025-01-24,222.24388122558594,225.08702882156655,220.877182986192,224.23906824814947,54697900,224.03755798339844,228.80306091308594,False
2025-01-27,229.3068389892578,231.59132137138346,223.44098442848647,223.48089669223063,94863400,224.01361389160155,228.10574188232422,False
2025-01-28,237.68663024902344,239.61199368769647,230.25456145518996,230.2944737209622,75707600,227.13009643554688,228.49081268310547,False
2025-01-29,238.78399658203125,239.2827933650634,233.4468649147594,233.55660081590926,45486100,230.22862548828124,229.09735107421875,True
2025-01-30,237.0182342529297,240.21053038482776,236.63915907674937,238.09563705158317,55658300,233.00791625976564,229.06941833496094,False
2025-01-31,235.4320831298828,246.59515764263173,232.87824601959832,246.59515764263173,101075100,235.645556640625,229.84155731201173,False
2025-02-03,227.4613037109375,231.27211844312274,225.15686500690927,229.43654993330725,73063300,235.27644958496094,229.64503173828126,False
2025-02-04,232.23977661132812,232.5689843025687,226.10456727432145,226.70312948058964,45067300,234.18707885742188,230.65858764648436,False
2025-02-05,231.9105682373047,232.11008389811693,227.72067847197073,227.98004730881974,39620300,232.81239318847656,231.5205093383789,False
2025-02-06,232.6587677001953,233.23737378273856,229.875473186273,230.7334042435517,29925300,231.94049987792968,232.47420806884764,False
2025-02-07,227.08221435546875,233.43688010961284,226.71309440770742,232.04025529180169,39707200,230.27052612304686,232.95804138183593,False
2025-02-10,227.3518524169922,230.2880044885276,226.90244480659103,229.26935130196645,33115600,230.2486358642578,232.76254272460938,False
2025-02-11,232.3153533935547,234.92193591818142,227.83124330015124,227.90114370319637,53718400,230.2637512207031,232.2254150390625,False
2025-02-12,236.55978393554688,236.64967765066982,230.377888084301,230.89721134547665,45243300,231.19359436035157,232.00299377441405,False
2025-02-13,241.21368408203125,242.02262084431055,235.2614980047627,236.5997394445533,53614100,232.90457763671876,232.42253875732422,True
2025-02-14,244.2796630859375,245.22841586050225,240.67439035154717,240.93404435379279,40896200,236.3440673828125,233.3072967529297,False
2025-02-18,244.14984130859375,244.85890295305822,241.52328070167576,243.83025306858283,48822500,239.70366516113282,234.9761505126953,False
2025-02-19,244.54930114746094,245.68780753699892,242.84154918255663,244.33958470767533,32204200,242.15045471191405,236.20710296630858,False
2025-02-20,245.508056640625,246.4568094488268,243.9700649298591,244.61922281669615,32316900,243.9401092529297,237.5668518066406,False
2025-02-21,245.22842407226562,248.36431123309396,244.89885442060717,245.6278941258364,53197400,244.74305725097656,238.82381744384764,False
2025-02-24,246.77639770507812,248.53408727873096,244.09989957647335,244.609226181644,51326400,245.24240417480468,240.7932357788086,False
2025-02-25,246.71646118164062,249.67259136851834,244.58926106556868,247.67521063757022,48013300,245.75572814941407,242.72969665527344,False
2025-02-26,240.0452117919922,244.65915630674968,238.8168269352331,244.01001367840516,44433600,244.85491027832032,243.5026824951172,False
2025-02-27,236.98922729492188,242.14247324939222,236.74953612071198,239.09646458024955,41153600,243.1511444091797,243.54562683105468,False
2025-02-28,241.5232696533203,241.77294223985544,229.89851463379637,236.63967447024518,56833400,242.4101135253906,243.5765853881836,False
2025-03-03,237.71826171875,243.71040379171194,235.80077808405883,241.47333193183624,47184000,240.598486328125,242.92044525146486,False
2025-03-04,235.6210174560547,239.75561031847352,234.3726544629493,237.39870037793833,53798100,238.3793975830078,242.06756286621095,False
2025-03-05,235.4312744140625,236.2402111793479,228.92979032203158,235.11168617953675,47227600,237.45661010742188,241.1557601928711,False
2025-03-06,235.0218048095703,237.54849020730907,232.8546485518437,234.13297099659667,45170400,237.06312561035156,240.1071350097656,False
2025-03-07,238.7569122314453,241.05388787370777,234.45254396930395,234.80209169163373,46273600,236.50985412597657,239.4599838256836,False
2025-03-10,227.1820831298828,235.85072354308846,223.92635798057333,235.23152514577004,72071200,234.40261840820312,237.50055236816405,False
2025-03-11,220.55078125,225.54423318142804,217.16522145004404,223.51689291637274,76137400,231.3885711669922,234.883984375,False
2025-03-12,216.69583129882812,221.4595886104368,214.6285501658544,219.85169651198805,62547500,227.6414825439453,232.5490463256836,False
2025-03-13,209.4053955078125,216.55602242060417,208.14705109128238,215.6671885752157,61368300,222.51820068359376,229.79066314697266,False
2025-03-14,213.21041870117188,213.66980775083542,209.30553558500114,210.97334672214788,60107600,217.40890197753907,226.95937805175782,False
2025-03-17,213.71974182128906,214.93814530685134,209.69502079955336,213.0306430192638,48073400,214.7164337158203,224.5595260620117,False
2025-03-18,212.4114532470703,214.8682229774316,211.21302787332291,213.87952928252258,42432400,213.08856811523438,222.2385696411133,False
2025-03-19,214.95811462402344,218.47349365471302,213.470060528986,213.93944620866878,54385400,212.74102478027345,220.19125366210938,False
2025-03-20,213.81961059570312,217.20517028159983,211.94206785632258,213.70975404736055,48862900,213.62386779785157,218.07103424072267,False
2025-03-21,217.98414611816406,218.5533916912833,211.0032951126973,211.2829271905112,94127800,214.57861328125,215.99375762939454,False
2025-03-24,220.44091796875,221.1899357355996,218.29373979930335,220.71056863168138,44299500,215.9228485107422,215.31964111328125,True
2025-03-25,223.45697021484375,223.80651793975238,219.79177838679217,220.48087718007702,34493600,218.13195190429687,215.61026000976562,False
2025-03-26,221.2398681640625,224.7253029108424,220.18125884970436,223.21727075576553,34466100,219.3883026123047,216.06466369628907,False
2025-03-27,223.5568389892578,224.69534536875565,220.271139232742,221.1000540446544,37094800,221.33574829101562,217.47980804443358,False
2025-03-28,217.6146240234375,223.51688772665744,217.39491092445158,221.3796909591809,39818600,221.2618438720703,217.92022857666015,False
2025-03-31,221.83909606933594,225.32451569687797,215.9468137615173,216.72579102857173,65299300,221.5414794921875,218.73216400146484,False
2025-04-01,222.897705078125,223.3870536043053,218.61331487709137,219.5221267668628,36412700,221.42962646484375,219.78078918457032,False
2025-04-02,223.59678649902344,224.89508702876748,220.73055001137135,221.03016017035932,35905900,221.90101013183593,220.6446563720703,False
2025-04-03,202.9239044189453,207.2182761783418,200.9864426085102,205.27081771109022,103419000,217.77442321777343,219.55508575439453,False
2025-04-04,188.13330078125,199.61824028069563,187.09465424061224,193.6360793511012,125910900,211.87815856933594,216.57000122070312,False
2025-04-07,181.2223663330078,193.89573468350994,174.39131242893686,176.967935484531,160466300,203.75481262207032,212.6481460571289,False
2025-04-08,172.19419860839844,190.09072892121037,168.9884109270566,186.4554964395268,120859500,193.614111328125,207.52186889648436,False
2025-04-09,198.58958435058594,200.3472738997123,171.6648855169899,171.72480450043201,184395900,188.6126708984375,205.25684051513673,False
2025-04-10,190.17062377929688,194.52491452460524,182.76034285398336,188.82240088513313,121880000,186.0620147705078,201.91821899414063,False
2025-04-11,197.89048767089844,199.27866665425725,185.81632494094944,185.856281088865,87435900,188.0134521484375,199.94580535888673,False
2025-04-14,202.25477600097656,212.6611277249045,200.8965565016436,211.1630921847052,101352900,192.21993408203124,197.98737335205078,False
2025-04-15,201.87527465820312,203.24347561495443,199.53834280484799,201.59564256833872,51343900,198.1561492919922,195.8851303100586,True
2025-04-16,194.0155792236328,200.4371508814261,192.11805840887246,198.10021911176236,59732400,197.24134826660156,192.92700958251953,False
2025-04-17,196.72203063964844,198.56961397436802,194.16538565496842,196.94174374665747,51334300,198.55162963867187,192.30682220458985,False
2025-04-21,192.9070281982422,193.54618940120912,189.56140949031536,193.01688474432112,46742500,197.55493774414063,192.78419494628906,False
2025-04-22,199.47842407226562,201.32599215129426,195.71335703344474,195.8631544964882,52976400,196.99966735839843,194.60980072021485,False
2025-04-23,204.33206176757812,207.7276030292648,202.5344160012944,205.7302222309065,52929200,197.49102478027345,197.8235870361328,False
2025-04-24,208.09710693359375,208.5565112075726,202.67422555441442,204.62166872266098,47311000,200.3073303222656,198.7743392944336,True
2025-04-25,209.00592041015625,209.47530610539675,205.92995222724628,206.0997277622984,38222300,202.76410827636718,200.65786895751953,False
2025-04-28,209.8647918701172,211.2230113707532,207.1883090170199,209.72497582911666,38743100,206.1556610107422,201.8552993774414,False
2025-04-29,210.9333953857422,211.96204522644123,208.09710321217068,208.41669143858087,36827600,208.4466552734375,202.72316131591796,False
2025-04-30,212.22171020507812,213.30029766677714,206.399343338795,209.02590396975114,52286500,210.0245849609375,203.75780487060547,False
2025-05-01,213.04063415527344,214.2790004444518,208.62640936955898,208.80618155790114,57365700,211.01329040527344,205.66031036376953,False
2025-05-02,205.08106994628906,206.71892151455646,201.89524528415058,205.82009105417706,101010600,210.2283203125,206.4962142944336,False
2025-05-05,198.62953186035156,203.83271551835597,197.9504297070337,202.83402512431957,69018500,207.98126831054688,207.06846466064454,False
2025-05-06,198.25001525878906,200.38721199140494,196.7619763948813,197.9504203457911,51216500,205.44459228515626,206.94562377929688,False
2025-05-07,195.99298095703125,199.1788056079939,192.99690991055434,198.90915494694545,68536700,202.19884643554687,206.1117156982422,False
2025-05-08,197.2313690185547,199.78801395815432,194.42503624466005,197.46106353953903,50478900,199.03699340820313,205.02514190673827,False
2025-05-09,198.27000427246094,200.2773664943336,197.28129528859796,198.739389980464,36453900,197.6747802734375,203.95155029296876,False
2025-05-12,210.7899932861328,211.27000427246094,206.75,210.97000122070312,63775800,200.10687255859375,204.0440704345703,False
2025-05-13,212.92999267578125,213.39999389648438,209.0,210.42999267578125,51909300,203.0428680419922,204.2437301635742,False
2025-05-14,212.3300018310547,213.94000244140625,210.5800018310547,212.42999267578125,49325800,206.31027221679688,204.2545593261719,True
2025-05-15,211.4499969482422,212.9600067138672,209.5399932861328,210.9499969482422,45029500,209.15399780273438,204.09549560546876,False
2025-05-16,211.25999450683594,212.57000732421875,209.77000427246094,212.36000061035156,54737900,211.7519958496094,204.71338806152343,False
2025-05-19,208.77999877929688,209.47999572753906,204.25999450683594,207.91000366210938,46140500,211.3499969482422,205.72843475341796,False
2025-05-20,206.86000061035156,208.47000122070312,205.02999877929688,207.6699981689453,42496600,210.13599853515626,206.5894332885742,False
2025-05-21,202.08999633789062,207.0399932861328,200.7100067138672,205.1699981689453,59211800,208.08799743652344,207.19913482666016,False
2025-05-22,201.36000061035156,202.75,199.6999969482422,200.7100067138672,46742400,206.06999816894532,207.61199798583985,False
2025-05-23,195.27000427246094,197.6999969482422,193.4600067138672,193.6699981689453,78432900,202.87200012207032,207.31199798583984,False
2025-05-27,200.2100067138672,200.74000549316406,197.42999267578125,198.3000030517578,56288500,201.1580017089844,206.25399932861328,False
2025-05-28,200.4199981689453,202.72999572753906,199.89999389648438,200.58999633789062,45339700,199.87000122070313,205.00299987792968,False
2025-05-29,199.9499969482422,203.80999755859375,198.50999450683594,203.5800018310547,51396800,199.44200134277344,203.76499938964844,False
2025-05-30,200.85000610351562,201.9600067138672,196.77999877929688,199.3699951171875,70819900,199.34000244140626,202.7050003051758,False
2025-06-02,201.6999969482422,202.1300048828125,200.1199951171875,200.27999877929688,35423300,200.6260009765625,201.7490005493164,False
2025-06-03,203.27000427246094,203.77000427246094,200.9600067138672,201.35000610351562,46381600,201.23800048828124,201.1980010986328,True
2025-06-04,202.82000732421875,206.24000549316406,202.10000610351562,202.91000366210938,43604000,201.71800231933594,200.79400177001952,False
2025-06-05,200.6300048828125,204.75,200.14999389648438,203.5,55126100,201.85400390625,200.64800262451172,False
2025-06-06,203.9199981689453,205.6999969482422,202.0500030517578,203.0,46607700,202.46800231933594,200.90400238037108,False
2025-06-09,201.4499969482422,206.0,200.02000427246094,204.38999938964844,72862600,202.41800231933593,201.52200164794922,False
2025-06-10,202.6699981689453,204.35000610351562,200.57000732421875,200.60000610351562,54672600,202.29800109863282,201.76800079345702,False
2025-06-11,198.77999877929688,204.5,198.41000366210938,203.5,60989900,201.48999938964843,201.6040008544922,False
2025-06-12,199.1999969482422,199.67999267578125,197.36000061035156,199.0800018310547,43904600,201.20399780273436,201.52900085449218,False
2025-06-13,196.4499969482422,200.3699951171875,195.6999969482422,199.72999572753906,51447300,199.70999755859376,201.08899993896483,False
2025-06-16,198.4199981689453,198.69000244140625,196.55999755859375,197.3000030517578,43020700,199.10399780273437,200.76100006103516,False
2025-06-17,195.63999938964844,198.38999938964844,195.2100067138672,197.1999969482422,38856200,197.697998046875,199.9979995727539,False
2025-06-18,196.5800018310547,197.57000732421875,195.07000732421875,195.94000244140625,45394700,197.25799865722655,199.3739990234375,False
2025-06-20,201.0,201.6999969482422,196.86000061035156,198.24000549316406,96813500,197.6179992675781,199.41099853515624,False
2025-06-23,201.5,202.3000030517578,198.9600067138672,201.6300048828125,55814300,198.62799987792968,199.16899871826172,False
2025-06-24,200.3000030517578,203.44000244140625,200.1999969482422,202.58999633789062,54064000,199.00400085449218,199.0539993286133,False
2025-06-25,201.55999755859375,203.6699981689453,200.6199951171875,201.4499969482422,39525700,200.18800048828126,198.94299926757813,True
2025-06-26,201.0,202.63999938964844,199.4600067138672,201.42999267578125,50799100,201.0720001220703,199.16499938964844,False
2025-06-27,201.0800018310547,203.22000122070312,200.0,201.88999938964844,73114100,201.08800048828124,199.35299987792968,False
